{
  "name": "telegram-account-management-bot",
  "version": "1.0.0",
  "description": "A secure Telegram bot for managing accounts and transactions",
  "main": "src/bot.js",
  "scripts": {
    "start": "node src/bot.js",
    "dev": "nodemon src/bot.js"
  },
  "dependencies": {
    "dotenv": "^10.0.0",
    "node-telegram-bot-api": "^0.54.0",
    "winston": "^3.3.3",
    "crypto-js": "^4.1.1",
    "bcrypt": "^5.0.1",
    "express": "^4.17.1",
    "helmet": "^4.6.0"
  },
  "devDependencies": {
    "nodemon": "^2.0.12"
  }
}